algorithm,graph_id,nodes,edges,density,source,target,path_cost,runtime_ms,success,graph_source,run_type,expanded_nodes,edge_examinations,relaxations,path_evaluations,peak_memory_kb,seed,hmcr,par,hms,iterations
dijkstra,v20_sparse_seed11,20,25,sparse,0,19,146.0,0.0204,True,synthetic,timing,19,48,,,,,,,,
dijkstra,v20_sparse_seed11,20,25,sparse,0,19,146.0,0.0119,True,synthetic,timing,19,48,,,,,,,,
dijkstra,v20_sparse_seed11,20,25,sparse,0,19,146.0,0.046,True,synthetic,memory,19,48,,,2.523,,,,,
bellman_ford,v20_sparse_seed11,20,25,sparse,0,19,146.0,0.0338,True,synthetic,timing,,100,22,,,,,,,
bellman_ford,v20_sparse_seed11,20,25,sparse,0,19,146.0,0.0262,True,synthetic,timing,,100,22,,,,,,,
bellman_ford,v20_sparse_seed11,20,25,sparse,0,19,146.0,0.1236,True,synthetic,memory,,100,22,,3.555,,,,,
astar,v20_sparse_seed11,20,25,sparse,0,19,146.0,0.0171,True,synthetic,timing,19,48,,,,,,,,
astar,v20_sparse_seed11,20,25,sparse,0,19,146.0,0.0121,True,synthetic,timing,19,48,,,,,,,,
astar,v20_sparse_seed11,20,25,sparse,0,19,146.0,0.0391,True,synthetic,memory,19,48,,,1.875,,,,,
harmony_search,v20_sparse_seed11,20,25,sparse,0,19,146,1.3351,True,synthetic,timing,,,,106,,11000,0.8,0.3,30,80
harmony_search,v20_sparse_seed11,20,25,sparse,0,19,146,1.6546,True,synthetic,timing,,,,107,,11001,0.8,0.3,30,80
harmony_search,v20_sparse_seed11,20,25,sparse,0,19,146,1.4756,True,synthetic,timing,,,,108,,11002,0.8,0.3,30,80
harmony_search,v20_sparse_seed11,20,25,sparse,0,19,146,4.7898,True,synthetic,memory,,,,106,13.273,11000,0.8,0.3,30,80
dijkstra,v20_sparse_seed23,20,26,sparse,0,19,83.0,0.0111,True,synthetic,timing,11,33,,,,,,,,
dijkstra,v20_sparse_seed23,20,26,sparse,0,19,83.0,0.0074,True,synthetic,timing,11,33,,,,,,,,
dijkstra,v20_sparse_seed23,20,26,sparse,0,19,83.0,0.0216,True,synthetic,memory,11,33,,,1.625,,,,,
bellman_ford,v20_sparse_seed23,20,26,sparse,0,19,83.0,0.0287,True,synthetic,timing,,104,20,,,,,,,
bellman_ford,v20_sparse_seed23,20,26,sparse,0,19,83.0,0.0246,True,synthetic,timing,,104,20,,,,,,,
bellman_ford,v20_sparse_seed23,20,26,sparse,0,19,83.0,0.1252,True,synthetic,memory,,104,20,,3.555,,,,,
astar,v20_sparse_seed23,20,26,sparse,0,19,83.0,0.0094,True,synthetic,timing,11,33,,,,,,,,
astar,v20_sparse_seed23,20,26,sparse,0,19,83.0,0.0074,True,synthetic,timing,11,33,,,,,,,,
astar,v20_sparse_seed23,20,26,sparse,0,19,83.0,0.0235,True,synthetic,memory,11,33,,,1.789,,,,,
harmony_search,v20_sparse_seed23,20,26,sparse,0,19,83,0.7328,True,synthetic,timing,,,,110,,23000,0.8,0.3,30,80
harmony_search,v20_sparse_seed23,20,26,sparse,0,19,83,0.9729,True,synthetic,timing,,,,110,,23001,0.8,0.3,30,80
harmony_search,v20_sparse_seed23,20,26,sparse,0,19,83,0.8877,True,synthetic,timing,,,,110,,23002,0.8,0.3,30,80
harmony_search,v20_sparse_seed23,20,26,sparse,0,19,83,2.5365,True,synthetic,memory,,,,110,11.266,23000,0.8,0.3,30,80
dijkstra,v20_moderate_seed11,20,41,moderate,0,19,129.0,0.0157,True,synthetic,timing,20,79,,,,,,,,
dijkstra,v20_moderate_seed11,20,41,moderate,0,19,129.0,0.0125,True,synthetic,timing,20,79,,,,,,,,
dijkstra,v20_moderate_seed11,20,41,moderate,0,19,129.0,0.0321,True,synthetic,memory,20,79,,,1.688,,,,,
bellman_ford,v20_moderate_seed11,20,41,moderate,0,19,129.0,0.0559,True,synthetic,timing,,328,39,,,,,,,
bellman_ford,v20_moderate_seed11,20,41,moderate,0,19,129.0,0.0514,True,synthetic,timing,,328,39,,,,,,,
bellman_ford,v20_moderate_seed11,20,41,moderate,0,19,129.0,0.273,True,synthetic,memory,,328,39,,3.555,,,,,
astar,v20_moderate_seed11,20,41,moderate,0,19,129.0,0.0159,True,synthetic,timing,20,79,,,,,,,,
astar,v20_moderate_seed11,20,41,moderate,0,19,129.0,0.0136,True,synthetic,timing,20,79,,,,,,,,
astar,v20_moderate_seed11,20,41,moderate,0,19,129.0,0.0361,True,synthetic,memory,20,79,,,1.852,,,,,
harmony_search,v20_moderate_seed11,20,41,moderate,0,19,129,1.9281,True,synthetic,timing,,,,110,,11000,0.8,0.3,30,80
harmony_search,v20_moderate_seed11,20,41,moderate,0,19,129,1.9097,True,synthetic,timing,,,,110,,11001,0.8,0.3,30,80
harmony_search,v20_moderate_seed11,20,41,moderate,0,19,129,1.6719,True,synthetic,timing,,,,110,,11002,0.8,0.3,30,80
harmony_search,v20_moderate_seed11,20,41,moderate,0,19,129,6.4743,True,synthetic,memory,,,,110,18.352,11000,0.8,0.3,30,80
dijkstra,v20_moderate_seed23,20,39,moderate,0,19,60.0,0.0113,True,synthetic,timing,10,39,,,,,,,,
dijkstra,v20_moderate_seed23,20,39,moderate,0,19,60.0,0.0079,True,synthetic,timing,10,39,,,,,,,,
dijkstra,v20_moderate_seed23,20,39,moderate,0,19,60.0,0.0206,True,synthetic,memory,10,39,,,1.688,,,,,
bellman_ford,v20_moderate_seed23,20,39,moderate,0,19,60.0,0.0388,True,synthetic,timing,,156,29,,,,,,,
bellman_ford,v20_moderate_seed23,20,39,moderate,0,19,60.0,0.035,True,synthetic,timing,,156,29,,,,,,,
bellman_ford,v20_moderate_seed23,20,39,moderate,0,19,60.0,0.1586,True,synthetic,memory,,156,29,,3.555,,,,,
astar,v20_moderate_seed23,20,39,moderate,0,19,60.0,0.0099,True,synthetic,timing,10,39,,,,,,,,
astar,v20_moderate_seed23,20,39,moderate,0,19,60.0,0.0079,True,synthetic,timing,10,39,,,,,,,,
astar,v20_moderate_seed23,20,39,moderate,0,19,60.0,0.0238,True,synthetic,memory,10,39,,,1.852,,,,,
harmony_search,v20_moderate_seed23,20,39,moderate,0,19,60,1.1509,True,synthetic,timing,,,,110,,23000,0.8,0.3,30,80
harmony_search,v20_moderate_seed23,20,39,moderate,0,19,60,1.0712,True,synthetic,timing,,,,110,,23001,0.8,0.3,30,80
harmony_search,v20_moderate_seed23,20,39,moderate,0,19,60,1.3826,True,synthetic,timing,,,,110,,23002,0.8,0.3,30,80
harmony_search,v20_moderate_seed23,20,39,moderate,0,19,60,4.2034,True,synthetic,memory,,,,110,14.0,23000,0.8,0.3,30,80
dijkstra,v50_sparse_seed11,50,86,sparse,0,49,116.0,0.0226,True,synthetic,timing,21,80,,,,,,,,
dijkstra,v50_sparse_seed11,50,86,sparse,0,49,116.0,0.0166,True,synthetic,timing,21,80,,,,,,,,
dijkstra,v50_sparse_seed11,50,86,sparse,0,49,116.0,0.0399,True,synthetic,memory,21,80,,,4.109,,,,,
bellman_ford,v50_sparse_seed11,50,86,sparse,0,49,116.0,0.1325,True,synthetic,timing,,860,99,,,,,,,
bellman_ford,v50_sparse_seed11,50,86,sparse,0,49,116.0,0.1219,True,synthetic,timing,,860,99,,,,,,,
bellman_ford,v50_sparse_seed11,50,86,sparse,0,49,116.0,0.6741,True,synthetic,memory,,860,99,,13.055,,,,,
astar,v50_sparse_seed11,50,86,sparse,0,49,116.0,0.0206,True,synthetic,timing,21,80,,,,,,,,
astar,v50_sparse_seed11,50,86,sparse,0,49,116.0,0.0178,True,synthetic,timing,21,80,,,,,,,,
astar,v50_sparse_seed11,50,86,sparse,0,49,116.0,0.0427,True,synthetic,memory,21,80,,,4.273,,,,,
harmony_search,v50_sparse_seed11,50,86,sparse,0,49,116,2.3256,True,synthetic,timing,,,,109,,11000,0.8,0.3,30,80
harmony_search,v50_sparse_seed11,50,86,sparse,0,49,116,1.9933,True,synthetic,timing,,,,110,,11001,0.8,0.3,30,80
harmony_search,v50_sparse_seed11,50,86,sparse,0,49,116,1.9088,True,synthetic,timing,,,,110,,11002,0.8,0.3,30,80
harmony_search,v50_sparse_seed11,50,86,sparse,0,49,116,7.9354,True,synthetic,memory,,,,109,19.867,11000,0.8,0.3,30,80
dijkstra,v50_sparse_seed23,50,98,sparse,0,49,106.0,0.0273,True,synthetic,timing,32,128,,,,,,,,
dijkstra,v50_sparse_seed23,50,98,sparse,0,49,106.0,0.0227,True,synthetic,timing,32,128,,,,,,,,
dijkstra,v50_sparse_seed23,50,98,sparse,0,49,106.0,0.0527,True,synthetic,memory,32,128,,,5.812,,,,,
bellman_ford,v50_sparse_seed23,50,98,sparse,0,49,106.0,0.1558,True,synthetic,timing,,980,82,,,,,,,
bellman_ford,v50_sparse_seed23,50,98,sparse,0,49,106.0,0.1445,True,synthetic,timing,,980,82,,,,,,,
bellman_ford,v50_sparse_seed23,50,98,sparse,0,49,106.0,0.8896,True,synthetic,memory,,980,82,,13.055,,,,,
astar,v50_sparse_seed23,50,98,sparse,0,49,106.0,0.034,True,synthetic,timing,32,128,,,,,,,,
astar,v50_sparse_seed23,50,98,sparse,0,49,106.0,0.0242,True,synthetic,timing,32,128,,,,,,,,
astar,v50_sparse_seed23,50,98,sparse,0,49,106.0,0.0565,True,synthetic,memory,32,128,,,5.977,,,,,
harmony_search,v50_sparse_seed23,50,98,sparse,0,49,106,2.3196,True,synthetic,timing,,,,110,,23000,0.8,0.3,30,80
harmony_search,v50_sparse_seed23,50,98,sparse,0,49,106,2.1608,True,synthetic,timing,,,,110,,23001,0.8,0.3,30,80
harmony_search,v50_sparse_seed23,50,98,sparse,0,49,106,2.2479,True,synthetic,timing,,,,110,,23002,0.8,0.3,30,80
harmony_search,v50_sparse_seed23,50,98,sparse,0,49,106,7.8542,True,synthetic,memory,,,,110,23.945,23000,0.8,0.3,30,80
dijkstra,v50_moderate_seed11,50,178,moderate,0,49,93.0,0.0485,True,synthetic,timing,47,338,,,,,,,,
dijkstra,v50_moderate_seed11,50,178,moderate,0,49,93.0,0.043,True,synthetic,timing,47,338,,,,,,,,
dijkstra,v50_moderate_seed11,50,178,moderate,0,49,93.0,0.0887,True,synthetic,memory,47,338,,,6.0,,,,,
bellman_ford,v50_moderate_seed11,50,178,moderate,0,49,93.0,0.3131,True,synthetic,timing,,1780,160,,,,,,,
bellman_ford,v50_moderate_seed11,50,178,moderate,0,49,93.0,0.2445,True,synthetic,timing,,1780,160,,,,,,,
bellman_ford,v50_moderate_seed11,50,178,moderate,0,49,93.0,1.3339,True,synthetic,memory,,1780,160,,13.055,,,,,
astar,v50_moderate_seed11,50,178,moderate,0,49,93.0,0.0493,True,synthetic,timing,47,338,,,,,,,,
astar,v50_moderate_seed11,50,178,moderate,0,49,93.0,0.049,True,synthetic,timing,47,338,,,,,,,,
astar,v50_moderate_seed11,50,178,moderate,0,49,93.0,0.1337,True,synthetic,memory,47,338,,,6.422,,,,,
harmony_search,v50_moderate_seed11,50,178,moderate,0,49,115,4.0401,True,synthetic,timing,,,,110,,11000,0.8,0.3,30,80
harmony_search,v50_moderate_seed11,50,178,moderate,0,49,122,4.5976,True,synthetic,timing,,,,110,,11001,0.8,0.3,30,80
harmony_search,v50_moderate_seed11,50,178,moderate,0,49,128,4.4489,True,synthetic,timing,,,,110,,11002,0.8,0.3,30,80
harmony_search,v50_moderate_seed11,50,178,moderate,0,49,115,12.87,True,synthetic,memory,,,,110,34.094,11000,0.8,0.3,30,80
dijkstra,v50_moderate_seed23,50,193,moderate,0,49,24.0,0.031,True,synthetic,timing,23,183,,,,,,,,
dijkstra,v50_moderate_seed23,50,193,moderate,0,49,24.0,0.025,True,synthetic,timing,23,183,,,,,,,,
dijkstra,v50_moderate_seed23,50,193,moderate,0,49,24.0,0.0536,True,synthetic,memory,23,183,,,5.969,,,,,
bellman_ford,v50_moderate_seed23,50,193,moderate,0,49,24.0,0.2685,True,synthetic,timing,,1930,158,,,,,,,
bellman_ford,v50_moderate_seed23,50,193,moderate,0,49,24.0,0.2605,True,synthetic,timing,,1930,158,,,,,,,
bellman_ford,v50_moderate_seed23,50,193,moderate,0,49,24.0,1.466,True,synthetic,memory,,1930,158,,13.055,,,,,
astar,v50_moderate_seed23,50,193,moderate,0,49,24.0,0.0374,True,synthetic,timing,23,183,,,,,,,,
astar,v50_moderate_seed23,50,193,moderate,0,49,24.0,0.0265,True,synthetic,timing,23,183,,,,,,,,
astar,v50_moderate_seed23,50,193,moderate,0,49,24.0,0.0801,True,synthetic,memory,23,183,,,6.133,,,,,
harmony_search,v50_moderate_seed23,50,193,moderate,0,49,24,2.9309,True,synthetic,timing,,,,110,,23000,0.8,0.3,30,80
harmony_search,v50_moderate_seed23,50,193,moderate,0,49,24,3.2043,True,synthetic,timing,,,,110,,23001,0.8,0.3,30,80
harmony_search,v50_moderate_seed23,50,193,moderate,0,49,24,3.2665,True,synthetic,timing,,,,110,,23002,0.8,0.3,30,80
harmony_search,v50_moderate_seed23,50,193,moderate,0,49,24,10.0801,True,synthetic,memory,,,,110,29.188,23000,0.8,0.3,30,80
